state,year,Precip_mm,Max_Temp_C,Min_Temp_C,median_household_income,median_gross_rent,health_insurance_coverage,"DTP, DTaP, or DT",Exemption,Hepatitis B,MMR,MMR (PAC),Polio,Varicella,cases,"DTP, DTaP, or DT_missing",MMR_missing,MMR (PAC)_missing,Polio_missing,Varicella_missing,Hepatitis B_missing,Exemption_missing,Precip_mm_missing,Max_Temp_C_missing,Min_Temp_C_missing,median_household_income_missing,median_gross_rent_missing,health_insurance_coverage_missing,temp_range,income_per_capita
AK,2020,3.413333333333333,11.856666666666666,5.636666666666667,77790.0,1240.0,711104.0,80.9,2.6666666666666665,82.65,80.8,95.15,80.75,78.94999999999999,0,1,1,1,1,1,1,0,0,0,0,0,0,0,6.219999999999999,0.10939312759719029
AK,2021,0.2590288616375573,9.401635692738632,4.335280897615456,80287.0,1279.0,709438.0,78.0,3.0666666666666664,79.8,78.0,95.7,77.1,76.1,0,0,0,0,0,0,0,0,0,0,0,0,0,0,5.066354795123176,0.11316970169387361
AK,2022,6.153205964958839,10.478086025830278,5.192659663133801,86370.0,1345.0,706392.0,83.8,3.8,85.5,83.6,94.6,84.4,81.8,3,0,0,0,0,0,0,0,0,0,0,0,0,0,5.285426362696477,0.12226904853247414
AL,2016,3.8546821486990193,25.26515377481182,18.404719532964968,44758.0,728.0,4761291.0,93.8,0.4666666666666666,95.2,93.8,98.75,93.8,93.8,0,0,0,1,0,0,1,0,0,0,0,0,0,0,6.860434241846853,0.009400389642139151
AL,2017,6.516682695300342,24.72672027399033,18.34177714169645,46472.0,747.0,4770692.0,92.7,0.6,95.2,92.7,99.1,92.7,92.7,0,0,0,0,0,0,1,0,0,0,0,0,0,0,6.3849431322938806,0.009741142429412247
AL,2018,4.329649427642022,23.77937387489543,18.30864655437324,48486.0,772.0,4785040.0,90.6,0.6,95.2,90.6,99.2,90.6,90.6,0,0,0,0,0,0,1,0,0,0,0,0,0,0,5.47072732052219,0.010132828537937292
AL,2019,4.30363754534991,24.758448230004728,18.28972523728109,50536.0,792.0,4797215.0,86.6,0.7999999999999999,95.2,86.6,98.8,86.6,86.6,0,0,0,0,0,0,1,0,0,0,0,0,0,0,6.468722992723638,0.010534443310453397
AL,2020,3.690789223084373,25.44683462060857,20.41380283403272,52035.0,811.0,4813429.0,94.7,0.8333333333333334,95.2,94.7,98.7,94.7,94.7,0,0,0,0,0,0,1,0,0,0,0,0,0,0,5.033031786575851,0.010810378461928396
AL,2021,6.203238747413479,23.84523343511005,18.483035088764737,54943.0,852.0,4920010.0,94.9,1.1333333333333333,95.2,94.9,98.3,94.9,94.9,0,0,0,0,0,0,1,0,0,0,0,0,0,0,5.362198346345313,0.011167251455332112
AL,2022,4.447187230426619,24.958692065038488,18.03253110576159,59609.0,925.0,4944981.0,93.9,1.3333333333333333,95.2,93.9,98.0,93.9,93.9,59,0,0,0,0,0,1,0,0,0,0,0,0,0,6.926160959276899,0.012054442260861617
AR,2016,2.442396180941787,22.929901614668854,11.55135230503028,42336.0,689.0,2915402.0,89.2,0.9333333333333332,93.8,91.9,98.2,89.0,91.7,0,0,0,1,0,0,0,0,0,0,0,0,0,0,11.378549309638574,0.014521491539934617
AR,2017,2.7253085830411807,22.58732027884364,11.099633826067642,43813.0,709.0,2924569.0,91.3,1.1333333333333335,93.7,91.9,98.5,91.3,91.6,0,0,0,0,0,0,0,0,0,0,0,0,0,0,11.487686452776,0.014981005754692142
AR,2018,3.9180171530977983,21.05579755725056,10.28336191447287,45726.0,729.0,2937135.0,93.4,1.8,96.4,94.2,98.2,93.6,93.8,0,0,0,0,0,0,0,0,0,0,0,0,0,0,10.77243564277769,0.01556822700753387
AR,2019,3.681842619745845,20.248956566031094,9.510089100122473,47597.0,745.0,2945234.0,93.2,1.3,96.0,94.3,98.2,93.4,93.9,0,0,0,0,0,0,0,0,0,0,0,0,0,0,10.738867465908621,0.016160679877836575
AR,2020,3.565697937025735,21.05707949308756,10.631824756784434,49475.0,760.0,2957271.0,92.3,1.3333333333333333,95.9,93.2,98.4,92.7,92.8,0,0,0,0,0,0,0,0,0,0,0,0,0,0,10.425254736303126,0.016729945706718895
AR,2021,3.263318499442788,21.585920378904248,10.456851638504864,52123.0,803.0,2955770.0,91.3,1.6666666666666667,95.5,92.5,97.5,91.4,91.9,0,0,0,0,0,0,0,0,0,0,0,0,0,0,11.129068740399385,0.017634316054931185
AR,2022,2.834572629199993,21.5494092421915,9.738673195084486,56335.0,868.0,2964272.0,90.6,2.066666666666667,94.6,91.9,97.0,90.7,91.1,21,0,0,0,0,0,0,0,0,0,0,0,0,0,11.810736047107016,0.019004659827215643
AZ,2016,0.1952215169887583,33.65727287525856,15.224406276343196,51340.0,937.0,6620233.0,93.9,3.4,95.3,94.0,95.0,94.4,96.7,0,0,0,1,0,0,0,0,0,0,0,0,0,0,18.432866598915368,0.007755012889272494
AZ,2017,0.1590150911024116,33.309087922975486,16.29299319234726,53510.0,972.0,6701990.0,93.5,3.866666666666666,94.9,93.4,95.3,93.9,96.2,0,0,0,0,0,0,0,0,0,0,0,0,0,0,17.016094730628225,0.007984194547560568
AZ,2018,0.4407248840611759,33.190726282804455,14.55712241834533,56213.0,1009.0,6838270.0,92.7,4.0,94.4,92.9,94.7,93.2,95.6,0,0,0,0,0,0,0,0,0,0,0,0,0,0,18.633603864459126,0.008220352776308514
AZ,2019,0.2834842376032307,31.793547352406048,14.825440994614334,58945.0,1052.0,6941028.0,92.6,3.7,94.1,92.8,95.3,93.1,95.3,0,0,0,0,0,0,0,0,0,0,0,0,0,0,16.96810635779171,0.008492256695657084
AZ,2020,0.3692185007974481,33.65846054530265,15.89162838225039,61529.0,1097.0,7065326.0,92.0,3.6666666666666665,94.5,91.9,95.6,92.3,95.5,0,0,0,0,0,0,0,0,0,0,0,0,0,0,17.766832163052264,0.0087085848963537
AZ,2021,0.239578823953824,33.13715291180268,15.46024336409205,65913.0,1172.0,6976512.0,90.5,4.566666666666666,93.4,90.6,94.2,90.9,94.6,0,0,0,0,0,0,0,0,0,0,0,0,0,0,17.67690954771063,0.00944784307002653
AZ,2022,0.2351701631701631,32.75622577315331,15.836826273699463,72581.0,1308.0,7060320.0,89.6,4.966666666666667,92.9,89.9,93.3,90.3,94.1,108,0,0,0,0,0,0,0,0,0,0,0,0,0,16.919399499453846,0.010280127489954069
CA,2016,0.0992312445927573,33.75288623161538,18.64776201952787,63783.0,1297.0,38151997.0,96.9,0.7333333333333334,97.8,97.3,99.45,97.3,98.5,0,0,0,1,0,0,0,0,0,0,0,0,0,0,15.105124212087507,0.001671812836643575
CA,2017,0.1059728622631848,34.09155657962109,19.21561891961085,67169.0,1358.0,38488069.0,96.4,0.7,97.6,96.9,99.3,96.8,98.2,0,0,0,0,0,0,0,0,0,0,0,0,0,0,14.87593766001024,0.0017451901329424936
CA,2018,0.0632776497695852,34.22883320532514,19.350519073220685,71228.0,1429.0,38653948.0,96.0,0.6,97.4,96.5,99.4,96.5,97.9,0,0,0,0,0,0,0,0,0,0,0,0,0,0,14.878314132104453,0.0018427095249698808
CA,2019,0.2289432923707117,32.582923067076294,18.65045698924732,75235.0,1503.0,38787337.0,96.2,0.8,97.4,96.5,99.2,96.6,96.1,0,0,0,0,0,0,0,0,0,0,0,0,0,0,13.932466077828973,0.0019396793871237052
CA,2020,0.0646162402669632,34.114121863799284,18.93429644048944,78672.0,1586.0,38838726.0,94.7,0.5,97.0,95.1,99.5,95.2,94.8,0,0,0,0,0,0,0,0,0,0,0,0,0,0,15.179825423309843,0.002025607069974255
CA,2021,0.1482168458781362,34.18822900665643,19.481318484383,84097.0,1698.0,38946377.0,95.7,0.25,97.3,96.3,99.7,96.2,96.0,0,0,0,0,0,0,0,0,0,0,0,0,0,0,14.706910522273429,0.0021593022077688456
CA,2022,0.1480459549411162,34.120831413210446,19.593641193036355,91905.0,1856.0,38874540.0,95.6,0.2,97.3,96.5,99.8,96.3,96.1,313,0,0,0,0,0,0,0,0,0,0,0,0,0,14.527190220174091,0.002364143669246153
CO,2016,1.003972623903102,22.07314083549624,3.0888861080212577,62520.0,1057.0,5267878.0,86.8,1.9,91.4,87.3,95.8,86.1,86.1,0,0,0,1,0,0,0,0,0,0,0,0,0,0,18.984254727474983,0.011868154147048556
CO,2017,1.774822708653354,21.25705773169483,3.281216077828981,65458.0,1125.0,5344703.0,88.6,3.1333333333333333,92.0,88.7,95.7,88.6,87.7,0,0,0,0,0,0,0,0,0,0,0,0,0,0,17.97584165386585,0.012247263833506963
CO,2018,1.3838984895033282,20.964374039938555,2.729331797235023,68811.0,1196.0,5439267.0,90.3,3.266666666666667,90.8,87.4,95.5,87.2,86.5,0,0,0,0,0,0,0,0,0,0,0,0,0,0,18.235042242703532,0.012650783156851253
CO,2019,1.104302995391705,19.97376344086021,2.2535189452124933,72331.0,1271.0,5516337.0,92.8,3.266666666666667,92.9,91.1,95.5,90.6,90.1,0,0,0,0,0,0,0,0,0,0,0,0,0,0,17.720244495647716,0.013112140699137725
CO,2020,0.669260598195526,21.780023791867507,2.96564886911383,75231.0,1335.0,5588760.0,90.1,2.8000000000000003,93.0,90.5,96.6,89.8,89.4,0,0,0,0,0,0,0,0,0,0,0,0,0,0,18.814374922753675,0.013461123136237173
CO,2021,1.3249891193036352,21.106004290481486,2.773947529883292,80184.0,1437.0,5629512.0,89.1,2.1,92.3,88.4,97.0,88.8,87.6,0,0,0,0,0,0,0,0,0,0,0,0,0,0,18.332056760598196,0.014243505610520839
CO,2022,0.8151036866359447,21.1011181515617,2.293572068612391,87598.0,1594.0,5675719.0,87.2,2.8666666666666667,90.9,87.0,95.9,87.0,85.9,237,0,0,0,0,0,0,0,0,0,0,0,0,0,18.807546082949308,0.01543381280260478
CT,2016,2.0465770609319,16.5297271659869,6.712646150043258,71755.0,1094.0,3535139.0,96.7,1.4,97.1,96.7,97.6,96.8,96.5,0,0,0,1,0,0,0,0,0,0,0,0,0,0,9.81708101594364,0.020297640263186183
CT,2017,2.091369047619048,15.955908858166923,6.899820148489503,73781.0,1123.0,3541763.0,96.5,1.5333333333333332,97.0,96.5,97.7,96.5,96.3,0,0,0,0,0,0,0,0,0,0,0,0,0,0,9.05608870967742,0.02083170984853875
CT,2018,3.697966376514764,16.27234349894945,7.582843944771086,76106.0,1156.0,3530088.0,96.1,1.8,96.3,95.9,97.3,96.0,95.7,0,0,0,0,0,0,0,0,0,0,0,0,0,0,8.689499554178365,0.021559229809786664
CT,2019,3.3580628167099245,16.70072929357134,7.46167688525169,78444.0,1180.0,3524580.0,96.2,1.6666666666666667,96.6,96.2,97.5,96.3,95.9,0,0,0,0,0,0,0,0,0,0,0,0,0,0,9.239052408319647,0.022256262517445335
CT,2020,2.550402916821159,17.369510876282288,8.155337720924484,79855.0,1201.0,3520172.0,95.3,1.7,96.1,95.3,97.4,95.2,95.1,0,0,0,0,0,0,0,0,0,0,0,0,0,0,9.214173155357804,0.02268496463099967
CT,2021,5.097554513833713,17.261822836661548,8.192403353814644,83572.0,1260.0,3556794.0,96.0,1.5666666666666669,96.5,95.7,97.7,96.0,95.5,0,0,0,0,0,0,0,0,0,0,0,0,0,0,9.069419482846904,0.02349643428985927
CT,2022,1.8825435669262145,17.5286763952893,7.865399385560676,90213.0,1374.0,3567016.0,97.3,0.5333333333333333,97.8,97.3,99.2,97.3,97.0,7,0,0,0,0,0,0,0,0,0,0,0,0,0,9.663277009728624,0.025290880306990407
DE,2019,2.3833017077798866,10.46337760910816,1.9930740037950665,68287.0,1130.0,942219.0,94.9,1.4,95.6,95.7,98.1,95.9,95.3,0,1,1,1,1,1,1,1,0,0,0,0,0,0,8.470303605313095,0.07247458130797478
DE,2020,3.979904214559387,18.87160672351996,10.27666172290199,69110.0,1150.0,951930.0,94.9,1.633333333333333,92.9,95.7,97.6,95.9,95.3,0,0,0,0,0,0,0,0,0,0,0,0,0,0,8.59494500061797,0.07259979977540389
DE,2021,2.896055361336229,18.866625064004094,10.087786738351252,72724.0,1199.0,966239.0,96.4,0.8333333333333334,98.1,96.4,98.8,97.1,95.7,0,0,0,0,0,0,0,0,0,0,0,0,0,0,8.778838325652842,0.07526494452723961
DE,2022,2.672879235305542,18.482047491039427,9.3578321812596,79325.0,1286.0,979853.0,93.8,1.4,95.6,95.1,98.1,94.0,94.0,2,0,0,0,0,0,0,0,0,0,0,0,0,0,9.124215309779828,0.08095593833367012
FL,2016,3.152903534791744,28.31707390928192,19.415778024966013,48900.0,1032.0,19621207.0,94.1,1.6666666666666667,94.1,94.1,96.7,94.1,94.1,0,0,0,1,0,0,0,0,0,0,0,0,0,0,8.901295884315907,0.002492201295659268
FL,2017,3.604151393965076,29.09203917050691,19.77142848314706,50883.0,1077.0,19967931.0,93.7,1.933333333333333,93.7,93.7,97.1,93.7,93.7,0,0,0,0,0,0,0,0,0,0,0,0,0,0,9.320610687359853,0.0025482358413480176
FL,2018,4.014474235441977,28.795245414578005,19.898777790618723,53267.0,1128.0,20288268.0,93.8,2.1666666666666665,93.8,93.8,96.8,93.8,93.8,0,0,0,0,0,0,0,0,0,0,0,0,0,0,8.896467623959282,0.0026255073806444504
FL,2019,4.346191756272401,28.5221678187404,19.72537122375832,55660.0,1175.0,20588432.0,93.5,2.2666666666666666,93.5,93.5,96.6,93.5,93.5,0,0,0,0,0,0,0,0,0,0,0,0,0,0,8.79679659498208,0.0027034597533479115
FL,2020,3.739485407066052,29.14165585218144,20.379913175132863,57703.0,1218.0,20897188.0,93.3,2.066666666666667,93.3,93.3,96.9,93.3,93.3,0,0,0,0,0,0,0,0,0,0,0,0,0,0,8.761742677048577,0.0027612804765272496
FL,2021,3.5074174347158213,28.57698540706605,19.773141321044545,61777.0,1301.0,21027201.0,91.7,2.6,91.7,91.7,96.1,91.7,91.7,0,0,0,0,0,0,0,0,0,0,0,0,0,0,8.803844086021506,0.0029379562720708158
FL,2022,2.8128359750907026,28.293259571969248,19.45988148768794,67917.0,1444.0,21300363.0,90.6,3.0,90.6,90.6,95.5,90.6,90.6,77,0,0,0,0,0,0,0,0,0,0,0,0,0,8.833378084281307,0.0031885370597422654
GA,2016,2.4203052774687923,26.364843521019825,16.102586162755795,51037.0,897.0,9907239.0,93.3,1.8666666666666665,93.3,93.3,97.05,93.3,93.3,0,0,0,1,0,0,0,0,0,0,0,0,0,0,10.26225735826403,0.005151485176497188
GA,2017,2.8710072964669737,26.332029323722875,16.526241236362203,52977.0,927.0,10012994.0,93.4,1.8,93.4,93.4,97.3,93.4,93.4,0,0,0,0,0,0,0,0,0,0,0,0,0,0,9.805788087360671,0.00529082457346678
GA,2018,3.736040066564261,25.68293458781362,16.057087813620072,55679.0,968.0,10109427.0,93.6,1.6666666666666667,93.6,93.6,97.5,93.6,93.6,0,0,0,0,0,0,0,0,0,0,0,0,0,0,9.625846774193548,0.005507631094459548
GA,2019,3.527752520776714,26.251077169321977,16.407268376287195,58700.0,1006.0,10213659.0,93.1,2.0,93.1,93.1,97.0,93.1,93.1,0,0,0,0,0,0,0,0,0,0,0,0,0,0,9.843808793034782,0.0057472052134102765
GA,2020,3.384853577944049,25.74957638354504,16.008687183613215,61224.0,1042.0,10321846.0,88.5,1.933333333333333,88.5,88.5,97.1,88.5,88.5,0,0,0,0,0,0,0,0,0,0,0,0,0,0,9.740889199931825,0.005931496562582259
GA,2021,3.3141917704955337,24.467806283939765,15.397764690534062,65030.0,1110.0,10438528.0,83.2,3.1333333333333333,83.2,83.2,95.3,83.2,83.2,0,0,0,0,0,0,0,0,0,0,0,0,0,0,9.070041593405703,0.006229804984974416
GA,2022,3.06764656938044,24.839975038402457,15.385819252432157,71355.0,1221.0,10531900.0,88.1,2.533333333333333,88.1,88.1,96.2,88.1,88.1,93,0,0,0,0,0,0,0,0,0,0,0,0,0,9.4541557859703,0.006775130149818157
HI,2016,4.042230873810407,27.81987096774193,23.038301075268816,71977.0,1456.0,1362574.0,93.3,1.8666666666666665,92.7,93.5,95.95,94.5,95.3,0,0,0,1,0,0,0,0,0,0,0,0,0,0,4.781569892473115,0.05282424820652074
HI,2017,3.4025185611879163,27.68905977982591,21.42378968253968,74923.0,1507.0,1369366.0,95.4,2.1,96.0,95.6,96.9,95.3,96.2,0,0,0,0,0,0,0,0,0,0,0,0,0,0,6.26527009728623,0.054713601247875845
HI,2018,5.5035283538146444,27.07476242464192,21.61004500470759,78084.0,1566.0,1370508.0,92.4,2.966666666666667,93.6,91.5,95.6,92.8,94.0,0,0,0,0,0,0,0,0,0,0,0,0,0,0,5.464717419934331,0.056974452557407504
HI,2019,3.930718901818736,27.870467759591783,21.55662667514169,81275.0,1617.0,1369339.0,91.1,4.066666666666666,91.3,89.7,93.9,91.6,81.0,0,0,0,0,0,0,0,0,0,0,0,0,0,0,6.313841084450093,0.05935341113237034
HI,2020,4.564721471066983,28.37920400358921,22.80679188663477,83173.0,1651.0,1365172.0,91.3,2.466666666666667,92.7,90.7,96.3,88.4,87.2,0,0,0,0,0,0,0,0,0,0,0,0,0,0,5.572412116954439,0.060924879117884696
HI,2021,3.942855328891776,27.66369403714565,22.32027565982405,88005.0,1755.0,1395191.0,92.5,2.2666666666666666,92.4,94.3,96.6,93.2,90.2,0,0,0,0,0,0,0,0,0,0,0,0,0,0,5.343418377321601,0.06307733989300397
HI,2022,2.674711981566821,28.179509088581668,22.4276193320817,94814.0,1868.0,1390760.0,87.0,4.266666666666667,88.7,86.4,93.6,87.0,84.4,9,0,0,0,0,0,0,0,0,0,0,0,0,0,5.751889756499967,0.06817418665033029
IA,2016,2.292705784204672,17.606334507477445,7.413642318625634,54570.0,715.0,3062954.0,92.6,1.2,92.6,92.6,97.6,92.6,92.6,0,0,0,1,0,0,0,0,0,0,0,0,0,0,10.192692188851812,0.017816128542534906
IA,2017,1.943351254480287,17.67847211187033,6.810186891961085,56570.0,740.0,3074216.0,93.0,1.3333333333333333,93.0,93.0,98.0,93.0,93.0,0,0,0,0,0,0,0,0,0,0,0,0,0,0,10.868285219909247,0.01840143360081608
IA,2018,3.202652329749104,16.237894265232974,6.223654633896569,58580.0,766.0,3088842.0,93.3,1.5666666666666669,93.3,93.3,97.6,93.3,93.3,0,0,0,0,0,0,0,0,0,0,0,0,0,0,10.014239631336405,0.018965029948106782
IA,2019,3.811717869943677,15.92827636968766,5.991087981354944,60523.0,789.0,3096125.0,93.2,1.6666666666666667,93.2,93.2,97.5,93.2,93.2,0,0,0,0,0,0,0,0,0,0,0,0,0,0,9.937188388332716,0.01954797705261349
IA,2020,2.367852243233222,16.615984427141267,6.565769064392536,61836.0,806.0,3106492.0,93.4,1.5,93.4,93.4,97.8,93.4,93.4,0,0,0,0,0,0,0,0,0,0,0,0,0,0,10.05021536274873,0.019905404583239042
IA,2021,2.957713133640553,16.718715437788017,7.247800819252432,65429.0,845.0,3138332.0,90.6,1.6,90.6,90.6,97.6,90.6,90.6,0,0,0,0,0,0,0,0,0,0,0,0,0,0,9.470914618535584,0.02084832935192027
IA,2022,2.473199697194413,16.182697949220472,5.693240527393754,70571.0,914.0,3142658.0,89.9,2.0,89.9,89.9,97.0,89.9,89.9,40,0,0,0,0,0,0,0,0,0,0,0,0,0,10.489457421826717,0.022455824828592603
ID,2016,2.333044741070325,17.878841614139166,5.005291682115932,49174.0,764.0,1614714.0,89.8,4.366666666666666,92.6,89.9,93.5,90.3,89.1,0,0,0,1,0,0,0,0,0,0,0,0,0,0,12.873549932023234,0.03045367139092657
ID,2017,2.5887704231252617,15.953755760368663,3.2689917609272445,50985.0,792.0,1636345.0,89.3,4.733333333333333,92.1,89.5,93.9,89.9,88.6,0,0,0,0,0,0,0,0,0,0,0,0,0,0,12.684763999441419,0.03115783581223042
ID,2018,2.4252079616046385,18.4858945252502,5.161549146736993,53089.0,825.0,1666375.0,88.8,5.166666666666667,91.7,89.5,93.6,89.1,88.3,0,0,0,0,0,0,0,0,0,0,0,0,0,0,13.324345378513206,0.03185895620196162
ID,2019,2.13951164874552,16.808760880696365,4.0576625704045055,55785.0,853.0,1696068.0,89.0,5.033333333333333,91.3,89.1,93.4,89.1,88.5,0,0,0,0,0,0,0,0,0,0,0,0,0,0,12.751098310291859,0.03289076093012725
ID,2020,2.021096323957837,17.310038733513426,4.392261220580186,58915.0,887.0,1732106.0,86.4,5.466666666666666,90.1,86.5,93.6,86.6,86.2,0,0,0,0,0,0,0,0,0,0,0,0,0,0,12.917777512933242,0.034013487619413814
ID,2021,1.7462272758106092,18.357121320037987,4.944265025098359,63377.0,952.0,1789734.0,83.5,6.5,88.2,83.9,90.9,84.0,83.4,0,0,0,0,0,0,0,0,0,0,0,0,0,0,13.412856294939628,0.03541138771941097
ID,2022,2.2447132768699323,17.45770703629992,4.5937358508298445,70214.0,1061.0,1827859.0,81.0,8.033333333333333,86.3,81.3,88.9,81.8,80.7,11,0,0,0,0,0,0,0,0,0,0,0,0,0,12.863971185470074,0.03841322639589465
IL,2021,3.696328345098343,20.763730379433937,9.642168381535038,72563.0,1097.0,12646857.0,91.9,1.7,95.2,92.1,98.3,91.9,91.8,0,0,0,0,0,0,1,0,0,0,0,0,0,0,11.1215619978989,0.005737630643121003
IL,2022,3.1860409885813112,20.68613897724666,8.848611828012551,78433.0,1179.0,12588498.0,91.5,1.4,95.2,91.7,97.9,91.4,91.3,119,0,0,0,0,0,1,0,0,0,0,0,0,0,11.83752714923411,0.006230528357669966
IN,2016,3.282182672104808,20.659919045853417,10.164382029415398,50433.0,758.0,6490256.0,92.1,0.6333333333333333,90.2,88.9,97.95,89.5,87.9,0,0,0,1,0,0,0,0,0,0,0,0,0,0,10.49553701643802,0.007770570564463009
IN,2017,3.047449436763953,19.841460573476706,9.168406298003072,52182.0,782.0,6515358.0,94.3,0.6,92.8,90.4,99.1,92.7,90.2,0,0,0,0,0,0,0,0,0,0,0,0,0,0,10.673054275473634,0.008009075171452563
IN,2018,4.948266303588884,20.046824465856723,9.370599078341014,54325.0,807.0,6538540.0,94.4,0.8666666666666667,92.4,91.2,98.7,91.3,93.5,0,0,0,0,0,0,0,0,0,0,0,0,0,0,10.676225387515709,0.008308428439922607
IN,2019,3.693309722933378,19.794100386869204,7.847727712351369,56303.0,826.0,6566575.0,84.0,1.4333333333333331,96.0,94.4,97.8,90.4,94.0,0,0,0,0,0,0,0,0,0,0,0,0,0,0,11.946372674517836,0.008574179298313155
IN,2020,3.8224214464314574,19.197641871785365,7.799971311904016,58235.0,844.0,6597701.0,83.9,1.2666666666666666,95.3,93.1,98.1,89.9,92.8,0,0,0,0,0,0,0,0,0,0,0,0,0,0,11.397670559881348,0.008826558095530838
IN,2021,2.6894412245460635,19.968704658508774,8.209342977853964,61944.0,891.0,6655804.0,84.0,1.6000000000000003,94.9,92.1,97.6,89.3,91.7,0,0,0,0,0,0,0,0,0,0,0,0,0,0,11.75936168065481,0.00930676304368893
IN,2022,3.2543536615714035,19.85934283657402,7.694151579024909,67173.0,967.0,6687996.0,83.0,1.8333333333333333,94.4,92.0,97.2,88.8,91.6,99,0,0,0,0,0,0,0,0,0,0,0,0,0,12.165191257549111,0.010043814313911922
KS,2016,2.7487464466691383,22.291326782845136,9.516114200964031,53571.0,775.0,2839352.0,88.7,1.2,96.7,89.5,97.9,88.2,88.8,0,0,0,1,0,0,0,0,0,0,0,0,0,0,12.775212581881105,0.018867326464867173
KS,2017,3.0377464157706093,21.954510368663595,9.22114247311828,55477.0,801.0,2843739.0,89.5,1.1333333333333333,96.4,89.1,98.3,88.8,88.3,0,0,0,0,0,0,0,0,0,0,0,0,0,0,12.733367895545316,0.019508464205588414
KS,2018,2.843600159299084,20.562754736303123,8.076765873015873,57422.0,831.0,2849329.0,91.0,1.4,96.7,90.8,97.9,89.3,89.2,0,0,0,0,0,0,0,0,0,0,0,0,0,0,12.48598886328725,0.02015280785307423
KS,2019,3.816148944643568,19.76381400409626,8.238211085509473,59597.0,850.0,2851091.0,89.7,1.4333333333333331,97.2,90.0,97.9,93.7,89.1,0,0,0,0,0,0,0,0,0,0,0,0,0,0,11.525602918586788,0.020903218836852686
KS,2020,3.5512989741688297,20.87983870967742,8.664877023853665,61091.0,863.0,2853649.0,90.8,1.3333333333333333,95.2,92.6,98.0,92.5,91.8,0,0,0,0,0,0,0,0,0,0,0,0,0,0,12.214961685823754,0.021408021306046642
KS,2021,2.701449052739376,21.28883832565284,9.071266001024066,64521.0,912.0,2875459.0,90.0,1.5333333333333332,96.0,91.0,97.7,92.1,90.3,0,0,0,0,0,0,0,0,0,0,0,0,0,0,12.217572324628774,0.022438496797034215
KS,2022,2.1536136712749614,21.34716077828981,8.126982792952388,69747.0,986.0,2874745.0,90.5,1.933333333333333,96.3,91.6,97.1,92.2,90.8,34,0,0,0,0,0,0,0,0,0,0,0,0,0,13.22017798533742,0.024261969579225433
LA,2016,4.911130577184526,27.189167902607835,18.31593560746509,45652.0,800.0,4542312.0,98.0,0.5333333333333333,98.7,97.1,98.85,97.1,96.5,0,0,0,1,0,0,0,0,0,0,0,0,0,0,8.873232295142746,0.01005038622393481
LA,2017,5.013406298003072,26.43279313876088,17.348529185867893,46710.0,825.0,4559572.0,97.7,0.7333333333333334,98.4,96.1,98.9,95.8,95.6,0,0,0,0,0,0,0,0,0,0,0,0,0,0,9.084263952892986,0.010244380340001136
LA,2018,4.283901689708141,26.616662186379926,17.503640552995392,47942.0,850.0,4559274.0,97.7,0.8000000000000002,98.4,95.5,98.8,98.4,95.4,0,0,0,0,0,0,0,0,0,0,0,0,0,0,9.113021633384534,0.010515268326652812
LA,2019,4.342379672299027,26.960410266257043,17.783455581157195,49469.0,866.0,4558894.0,97.2,1.0,98.0,95.6,98.5,98.0,95.0,0,0,0,0,0,0,0,0,0,0,0,0,0,0,9.176954685099847,0.01085109439897168
LA,2020,4.973988382153009,27.13954764553208,18.39304196020269,50800.0,876.0,4556953.0,96.9,0.7333333333333334,98.5,96.2,98.9,98.6,93.2,0,0,0,0,0,0,0,0,0,0,0,0,0,0,8.746505685329389,0.01114779741028766
LA,2021,6.028047124671151,26.266011904761907,17.660261136712748,53571.0,923.0,4555079.0,96.2,0.7333333333333334,97.8,93.7,98.9,97.6,91.4,0,0,0,0,0,0,0,0,0,0,0,0,0,0,8.605750768049159,0.011760715508838483
LA,2022,3.997638888888889,26.110172171018945,16.936647465437787,57852.0,996.0,4543264.0,93.1,1.5,99.3,92.2,97.7,98.3,93.6,14,0,0,0,0,0,0,0,0,0,0,0,0,0,9.173524705581158,0.012733573762481387
MA,2016,2.297779940674824,16.154414781856385,7.628187183290076,70954.0,1129.0,6665525.0,96.1,0.8666666666666667,97.5,96.1,98.85,96.6,95.7,0,0,0,1,0,0,0,0,0,0,0,0,0,0,8.526227598566308,0.010644921346042308
MA,2017,3.0296460573476707,15.495280337941628,7.359903993855606,74167.0,1173.0,6713702.0,96.4,0.9,97.3,96.3,98.9,96.3,96.0,0,0,0,0,0,0,0,0,0,0,0,0,0,0,8.135376344086023,0.011047107684090285
MA,2018,3.71978750640041,15.747025089605737,7.623755760368663,77378.0,1225.0,6756015.0,97.1,0.9333333333333332,97.6,96.9,98.8,96.9,96.5,0,0,0,0,0,0,0,0,0,0,0,0,0,0,8.123269329237074,0.011453199637182623
MA,2019,3.5082411674347163,15.929178187403991,7.730378904249871,81215.0,1282.0,6777468.0,97.2,0.8666666666666667,98.0,97.3,98.8,97.3,97.0,0,0,0,0,0,0,0,0,0,0,0,0,0,0,8.19879928315412,0.011983086901614747
MA,2020,2.6088511926832285,16.15389012483006,7.7314942528735635,84385.0,1336.0,6800682.0,95.7,0.7333333333333334,97.2,95.9,99.2,95.6,95.4,0,0,0,0,0,0,0,0,0,0,0,0,0,0,8.422395871956496,0.012408312518022086
MA,2021,3.6339093701996927,16.485721326164875,8.450569636456732,89026.0,1429.0,6922305.0,96.1,0.7000000000000001,97.0,96.2,99.1,96.0,95.7,0,0,0,0,0,0,0,0,0,0,0,0,0,0,8.035151689708142,0.012860743226317936
MA,2022,2.1932450076804915,16.409407322068613,7.577501280081925,96505.0,1588.0,6918700.0,96.2,0.9333333333333332,97.3,96.5,98.7,96.3,96.0,13,0,0,0,0,0,0,0,0,0,0,0,0,0,8.831906041986688,0.013948427602233426
MD,2016,2.63425040168088,18.995776369687658,10.85718823384007,76067.0,1264.0,5864892.0,98.2,0.9333333333333332,98.1,97.9,98.5,98.5,97.6,0,0,0,1,0,0,0,0,0,0,0,0,0,0,8.138588135847588,0.01296988708915917
MD,2017,2.4948719918074755,19.367083333333333,11.333223886328724,78916.0,1311.0,5901303.0,97.9,1.0,97.9,97.4,98.5,98.1,97.5,0,0,0,0,0,0,0,0,0,0,0,0,0,0,8.033859447004609,0.0133726376407655
MD,2018,4.307679851510497,19.28900089605735,11.52371031746032,81868.0,1357.0,5907173.0,97.7,1.0,97.7,97.4,98.5,97.9,97.1,0,0,0,0,0,0,0,0,0,0,0,0,0,0,7.765290578597028,0.013859080501099172
MD,2019,2.4104038658474143,19.718733709608752,11.82176267281106,84805.0,1392.0,5920779.0,98.2,0.9333333333333332,98.3,97.9,98.6,98.4,97.5,0,0,0,0,0,0,0,0,0,0,0,0,0,0,7.896971036797693,0.01432328172977209
MD,2020,3.509788300934018,18.77566895315783,11.05886355209492,87063.0,1415.0,5938200.0,89.7,0.6333333333333334,89.5,87.6,99.1,90.1,87.3,0,0,0,0,0,0,0,0,0,0,0,0,0,0,7.71680540106291,0.014661511120960709
MD,2021,2.6209888632872502,18.87094022017409,10.980295058883767,91431.0,1485.0,6049675.0,88.6,1.0,93.9,93.9,98.5,94.8,92.7,0,0,0,0,0,0,0,0,0,0,0,0,0,0,7.890645161290324,0.015113371360714193
MD,2022,3.150720973038826,18.709389437705624,10.561455865994896,98461.0,1598.0,6070969.0,96.9,1.2666666666666666,97.0,96.7,98.1,97.2,96.6,30,0,0,0,0,0,0,0,0,0,0,0,0,0,8.147933571710729,0.016218330843341344
ME,2016,3.1974076133976026,13.661985848473613,2.653610184155234,50826.0,790.0,1315603.0,96.3,3.333333333333333,0.0,94.9,96.1,96.1,96.7,0,0,0,1,0,0,1,0,0,0,0,0,0,0,11.008375664318379,0.038633205736680644
ME,2017,3.5619026284348867,13.027059936280368,2.6236260454002385,53024.0,808.0,1315654.0,95.3,3.533333333333333,0.0,94.3,95.5,95.3,96.5,0,0,0,0,0,0,1,0,0,0,0,0,0,0,10.40343389088013,0.04030235890107969
ME,2018,4.156252560163851,12.794187788018434,2.6154435483870966,55425.0,831.0,1317634.0,94.5,4.133333333333333,0.0,93.8,94.8,94.5,95.9,0,0,0,0,0,0,1,0,0,0,0,0,0,0,10.178744239631337,0.042064001032152305
ME,2019,3.745921018945213,12.220133768561189,1.954110343061956,57918.0,853.0,1319854.0,94.1,3.9333333333333336,0.0,94.1,95.0,94.2,96.2,0,0,0,0,0,0,1,0,0,0,0,0,0,0,10.266023425499233,0.0438820931087127
ME,2020,2.7331275491286617,13.608065443084907,3.29513564454332,59489.0,873.0,1325025.0,94.0,3.033333333333333,0.0,94.3,96.7,94.2,97.0,0,0,0,0,0,0,0,0,0,0,0,0,0,0,10.312929798541587,0.04489647750308296
ME,2021,3.741044259936084,13.77772465437788,3.7355760368663593,63182.0,927.0,1342021.0,96.3,1.2,0.0,96.7,98.8,96.5,95.5,0,0,0,0,0,0,1,0,0,0,0,0,0,0,10.042148617511522,0.04707970510170474
ME,2022,3.2529230670762925,13.5695993343574,2.8974404761904764,68251.0,1009.0,1349575.0,96.6,0.6,0.0,96.8,99.3,96.8,96.6,79,0,0,0,0,0,1,0,0,0,0,0,0,0,10.672158858166924,0.05057217970681162
MI,2016,2.604150599431468,15.510662442396317,5.422508960573476,50803.0,799.0,9798384.0,95.8,2.466666666666667,96.7,95.6,95.95,96.2,95.3,0,0,0,1,0,0,0,0,0,0,0,0,0,0,10.08815348182284,0.005184834031322509
MI,2017,2.915689324116743,15.017159498207883,5.193159882232463,52668.0,824.0,9814714.0,95.3,2.8000000000000003,96.4,95.0,96.3,95.7,94.7,0,0,0,0,0,0,0,0,0,0,0,0,0,0,9.82399961597542,0.005366228158433536
MI,2018,2.586043266769073,14.203401817716331,4.791592421915003,54938.0,850.0,9847464.0,94.8,3.0,96.0,94.6,95.9,95.2,94.3,0,0,0,0,0,0,0,0,0,0,0,0,0,0,9.411809395801328,0.005578897716315824
MI,2019,2.6889541730670765,14.021580261136712,4.37068612391193,57144.0,871.0,9855966.0,94.7,2.9333333333333336,96.1,94.8,96.0,95.3,94.4,0,0,0,0,0,0,0,0,0,0,0,0,0,0,9.650894137224782,0.005797909023031429
MI,2020,2.417085959708318,15.131126251390434,5.204542392782104,59234.0,892.0,9866076.0,95.4,2.466666666666667,96.5,94.6,97.2,95.9,94.2,0,0,0,0,0,0,0,0,0,0,0,0,0,0,9.92658385860833,0.006003804754412519
MI,2021,2.7935906298003075,15.50698443596942,5.70950251160902,63202.0,946.0,9959489.0,94.1,3.0,95.9,93.6,95.8,94.8,93.6,0,0,0,0,0,0,0,0,0,0,0,0,0,0,9.797481924360401,0.006345907270352197
MI,2022,1.7642261904761902,14.569387480798769,4.219136717163692,68505.0,1037.0,9949793.0,93.1,3.6,95.1,92.9,94.8,93.7,92.9,105,0,0,0,0,0,0,0,0,0,0,0,0,0,10.350250763635078,0.006885067168224789
MN,2016,2.1627252502780867,9.3755737856878,1.221561611667285,63217.0,873.0,5392571.0,93.2,1.75,95.4,92.8,96.35,93.7,92.3,0,0,0,1,0,0,0,0,0,0,0,0,0,0,8.154012174020515,0.011722977458622713
MN,2017,2.196902841781874,8.71166026625704,0.30321044546851,65699.0,906.0,5432792.0,92.8,2.3666666666666667,95.0,92.5,96.6,93.0,92.2,0,0,0,0,0,0,0,0,0,0,0,0,0,0,8.40844982078853,0.012093043117968971
MN,2018,1.7498538737248417,8.032249883122955,-0.8389387564282371,68411.0,944.0,5469389.0,92.5,2.466666666666667,95.0,92.6,96.4,92.8,92.0,0,0,0,0,0,0,0,0,0,0,0,0,0,0,8.871188639551193,0.01250797620941275
MN,2019,2.045305785087487,7.191709041792468,-1.393299212528912,71306.0,977.0,5505454.0,92.3,2.4666666666666663,95.1,92.6,96.3,92.8,92.0,0,0,0,0,0,0,0,0,0,0,0,0,0,0,8.58500825432138,0.012951881361304379
MN,2020,1.55256581386726,9.035423000865158,0.1734158324063773,73382.0,1010.0,5541421.0,89.3,1.8666666666666665,94.6,89.8,97.7,89.7,89.0,0,0,0,0,0,0,0,0,0,0,0,0,0,0,8.862007168458781,0.013242449320770011
MN,2021,1.4748233486943163,10.335485151049664,1.2571172555043526,77706.0,1081.0,5614768.0,89.0,2.466666666666667,93.5,89.0,96.3,89.3,88.7,0,0,0,0,0,0,0,0,0,0,0,0,0,0,9.07836789554531,0.013839572028697886
MN,2022,2.0919972478238607,7.679639016897082,-1.5645922939068102,84313.0,1178.0,5634724.0,88.3,2.9666666666666663,93.3,87.6,95.5,88.6,87.9,38,0,0,0,0,0,0,0,0,0,0,0,0,0,9.244231310803892,0.01496310822622222
MO,2016,3.768962707878611,22.792199616942373,10.39181045356951,49593.0,759.0,5946094.0,95.5,1.2000000000000002,96.4,95.4,97.3,95.6,95.1,0,0,0,1,0,0,0,0,0,0,0,0,0,0,12.400389163372862,0.008340431829629362
MO,2017,2.5433255839447786,22.37073233288804,9.98572074741373,51542.0,784.0,5961514.0,95.3,1.5333333333333332,96.5,95.2,97.8,95.5,95.0,0,0,0,0,0,0,0,0,0,0,0,0,0,0,12.38501158547431,0.008645788864072303
MO,2018,3.647545454614248,20.72810238674369,9.33849931167866,53560.0,809.0,5976738.0,94.8,1.8,96.1,94.8,97.3,95.0,94.5,0,0,0,0,0,0,0,0,0,0,0,0,0,0,11.389603075065029,0.008961408554062675
MO,2019,5.789261344030365,20.880946978142628,9.312377202507635,55461.0,830.0,5990637.0,94.5,1.8,95.9,94.6,97.3,94.9,94.2,0,0,0,0,0,0,0,0,0,0,0,0,0,0,11.568569775634993,0.00925794548093208
MO,2020,4.093344499068183,20.84715219234604,9.475206770953148,57290.0,843.0,6011968.0,92.6,1.7,95.3,92.6,97.8,92.9,92.1,0,0,0,0,0,0,0,0,0,0,0,0,0,0,11.371945421392892,0.009529323920332922
MO,2021,3.340989748264491,21.670913116673987,10.601471966037185,61043.0,886.0,6035976.0,91.5,2.0,94.0,91.6,97.0,91.9,91.2,0,0,0,0,0,0,0,0,0,0,0,0,0,0,11.069441150636802,0.010113192942915456
MO,2022,2.8701807730668025,17.374273320070735,4.66474358974359,65920.0,957.0,6047407.0,91.1,2.533333333333333,93.7,91.3,96.2,91.5,90.8,34,0,0,0,0,0,0,0,0,0,0,0,0,0,12.709529730327144,0.010900537883337787
MS,2016,4.899927281499863,24.893131223615093,15.447555320731162,40528.0,723.0,2923887.0,99.4,0.1,99.4,99.4,99.9,99.4,99.4,0,0,0,1,0,0,0,0,0,0,0,0,0,0,9.445575902883931,0.013860996043624106
MS,2017,5.660191203041592,24.428368690747728,14.804198610529255,42009.0,740.0,2921628.0,99.4,0.1,99.4,99.4,99.9,99.4,99.4,0,0,0,0,0,0,0,0,0,0,0,0,0,0,9.624170080218473,0.014378622337059223
MS,2018,4.476033794162826,26.98840860215054,19.82334647550777,43567.0,762.0,2922647.0,99.2,0.1,99.2,99.2,99.9,99.2,99.2,0,0,0,0,0,0,0,0,0,0,0,0,0,0,7.16506212664277,0.01490668736022949
MS,2019,4.126612903225806,23.165268817204304,13.622885304659498,45081.0,780.0,2916886.0,99.1,0.2,99.1,99.1,99.8,99.1,99.1,0,0,0,0,0,0,0,0,0,0,0,0,0,0,9.542383512544806,0.015455175329040857
MS,2020,4.238619431643625,25.404918714797745,15.824894393241166,46511.0,789.0,2912057.0,98.9,0.1,98.9,98.9,99.9,98.9,98.9,0,0,0,0,0,0,0,0,0,0,0,0,0,0,9.580024321556579,0.015971865944977744
MS,2021,2.054838709677419,15.37741935483871,4.983870967741935,49111.0,830.0,2902113.0,98.6,0.1,98.6,98.6,99.9,98.6,98.6,0,0,0,0,0,0,0,0,0,0,0,0,0,0,10.393548387096775,0.01692249167331125
MS,2022,3.656480030721968,19.243087557603687,5.772388632872503,52985.0,896.0,2891879.0,98.4,0.2,98.4,98.4,99.8,98.4,98.4,0,0,0,0,0,0,0,0,0,0,0,0,0,0,13.470698924731185,0.018321991230618145
MT,2016,1.2339386355209492,15.368512235817574,0.606110471070148,48380.0,732.0,1007946.0,93.9,2.466666666666667,0.0,93.8,95.7,94.2,92.9,0,0,0,1,0,0,1,0,0,0,0,0,0,0,14.762401764747427,0.04799855547960359
MT,2017,0.6922337429595493,14.45479399509155,-0.8445492125289119,50801.0,751.0,1014596.0,92.6,2.8666666666666667,0.0,93.2,95.7,93.8,91.6,0,0,0,0,0,0,1,0,0,0,0,0,0,0,15.299343207620462,0.05007012636544362
MT,2018,1.0657066052227342,12.45875156699684,-2.4799041042074963,52559.0,783.0,1026586.0,93.0,2.966666666666667,0.0,93.3,95.5,93.7,92.9,0,0,0,0,0,0,1,0,0,0,0,0,0,0,14.938655671204337,0.05119780398543913
MT,2019,1.3045455709165388,11.98179467485919,-2.7084774332836994,54970.0,810.0,1035643.0,93.2,2.833333333333333,0.0,93.6,95.7,93.8,93.2,0,0,0,0,0,0,1,0,0,0,0,0,0,0,14.690272108142889,0.05307808474726837
MT,2020,0.5884714497589915,14.966652144357928,-1.619656476263818,56539.0,836.0,1046670.0,91.9,2.333333333333333,0.0,92.9,96.5,92.9,91.9,0,0,0,0,0,0,0,0,0,0,0,0,0,0,16.586308620621747,0.05401792922513378
MT,2021,0.5130888376856119,15.996105990783413,-1.0146954287833048,60560.0,886.0,1063595.0,93.0,2.833333333333333,0.0,93.3,95.7,93.8,92.9,0,1,1,1,1,1,1,1,0,0,0,0,0,0,17.010801419566718,0.05693891289549791
MT,2022,0.973481182795699,17.029093913872554,0.5733596865417775,66341.0,974.0,1075209.0,93.0,2.833333333333333,0.0,93.3,95.7,93.8,92.9,3,1,1,1,1,1,1,1,0,0,0,0,0,0,16.455734227330776,0.06170050501762447
NC,2016,6.450379457707044,22.005152282212904,14.862578054438456,48256.0,816.0,9745671.0,96.1,1.1666666666666667,96.6,96.2,99.2,96.2,95.9,0,0,0,1,0,0,0,0,0,0,0,0,0,0,7.142574227774448,0.004951531305383559
NC,2017,4.5457046894937205,21.058158351699724,14.076456621919451,50320.0,844.0,9845238.0,96.8,1.3333333333333333,98.2,97.0,99.2,97.0,96.8,0,0,0,0,0,0,0,0,0,0,0,0,0,0,6.981701729780273,0.005111099893054907
NC,2018,7.28886712749616,22.02731374807988,15.13201612903226,52413.0,877.0,9952031.0,93.2,1.0666666666666669,94.6,93.2,99.4,93.3,93.1,0,0,0,0,0,0,0,0,0,0,0,0,0,0,6.89529761904762,0.005266562647708528
NC,2019,4.316714611553322,22.440435867895545,15.499557731694829,54602.0,907.0,10060249.0,95.5,1.1333333333333335,96.5,95.5,98.3,95.5,95.3,0,0,0,0,0,0,0,0,0,0,0,0,0,0,6.940878136200716,0.0054274993166173804
NC,2020,4.785019157088123,22.333833699362064,15.66911071656066,56642.0,932.0,10178084.0,95.2,1.0,96.2,95.2,98.9,95.2,95.1,0,0,0,0,0,0,0,0,0,0,0,0,0,0,6.664722982801404,0.005565094023089805
NC,2021,5.888558467741936,15.894022177419355,8.849939516129032,60516.0,988.0,10168317.0,96.0,1.2666666666666666,96.8,96.1,99.7,96.1,95.9,0,0,0,0,0,0,0,0,0,0,0,0,0,0,7.044082661290323,0.0059514267748117244
ND,2016,2.183468147690895,10.712944161264517,-0.0756677579619734,59114.0,736.0,720312.0,93.8,2.2333333333333334,95.6,93.8,96.45,94.0,93.5,0,0,0,1,0,0,0,0,0,0,0,0,0,0,10.78861191922649,0.08206710138509231
ND,2017,1.0008484294719,10.036126229320056,-1.6998621925596342,61285.0,775.0,729279.0,94.1,2.2666666666666666,95.8,94.2,97.0,94.4,93.9,0,0,0,0,0,0,0,0,0,0,0,0,0,0,11.73598842187969,0.08403493856954805
ND,2018,1.1413560334528077,9.322780421318612,-2.549142771804062,63473.0,806.0,736241.0,93.6,2.833333333333333,95.2,93.6,96.3,93.8,93.8,0,0,0,0,0,0,0,0,0,0,0,0,0,0,11.871923193122674,0.08621214220324296
ND,2019,1.757716333845366,7.740774449564772,-3.184573732718894,64894.0,826.0,740206.0,94.4,2.6,95.7,94.8,96.6,94.6,94.8,0,0,0,0,0,0,0,0,0,0,0,0,0,0,10.925348182283667,0.08767007066942085
ND,2020,1.3200785314981645,9.877546140671836,-1.8662827813022471,65315.0,828.0,743105.0,93.1,2.8000000000000003,95.0,93.3,96.8,93.2,93.2,0,0,0,0,0,0,0,0,0,0,0,0,0,0,11.743828921974083,0.08789459377262464
ND,2021,1.2147038817380864,11.551975188481029,-1.228346597630524,68131.0,853.0,756614.0,91.4,3.5666666666666664,93.7,91.5,95.3,91.7,91.2,0,0,0,0,0,0,0,0,0,0,0,0,0,0,12.780321786111553,0.09004711775473656
ND,2022,2.3076372306009403,7.977232695619793,-3.124522471256343,73959.0,912.0,759609.0,91.8,3.4,93.7,92.0,94.9,91.9,91.4,14,0,0,0,0,0,0,0,0,0,0,0,0,0,11.101755166876135,0.09736443701373074
NE,2016,2.3310221233469286,19.229974045235448,6.721318440242244,54384.0,745.0,1852809.0,97.2,1.3666666666666665,97.4,96.7,98.15,97.6,95.8,0,0,0,1,0,0,0,0,0,0,0,0,0,0,12.508655604993205,0.029352173185593775
NE,2017,1.8902726574500768,18.7304006656426,5.904298515104967,56675.0,773.0,1865028.0,96.7,1.4666666666666668,97.1,96.2,98.3,96.7,95.5,0,0,0,0,0,0,0,0,0,0,0,0,0,0,12.826102150537631,0.030388267421042784
NE,2018,2.4970391705069126,16.92377432155658,4.641040066564259,59116.0,805.0,1875468.0,97.4,1.4,97.5,96.9,98.2,97.5,96.3,0,0,0,0,0,0,0,0,0,0,0,0,0,0,12.28273425499232,0.031520648968338054
NE,2019,2.627784178187404,16.40053507424475,4.978189964157706,61439.0,833.0,1884850.0,96.9,1.4666666666666668,97.3,96.3,98.1,97.4,95.6,0,0,0,0,0,0,0,0,0,0,0,0,0,0,11.422345110087043,0.03259621052274159
NE,2020,1.956585403534792,18.06644975899147,5.309250092695588,63015.0,857.0,1894327.0,96.1,1.4666666666666668,96.6,95.5,98.6,97.0,95.1,0,0,0,0,0,0,0,0,0,0,0,0,0,0,12.757199666295882,0.033265094534842964
NE,2021,1.885631080389145,18.60477534562212,5.98074436763953,66644.0,909.0,1923866.0,96.6,1.6666666666666667,97.7,96.2,97.6,97.6,95.5,0,0,0,0,0,0,0,0,0,0,0,0,0,0,12.624030977982589,0.03464064823607869
NE,2022,1.74105222734255,18.441815156169994,4.167964669738863,71722.0,987.0,1930107.0,95.7,1.7333333333333334,96.8,95.1,97.8,97.0,94.9,42,0,0,0,0,0,0,0,0,0,0,0,0,0,14.273850486431131,0.03715957863497794
NH,2016,3.101809726857002,15.531788406871833,4.925904090965271,68485.0,1021.0,1310949.0,91.5,2.1333333333333333,91.5,91.5,96.8,91.5,91.5,0,0,0,1,0,0,0,0,0,0,0,0,0,0,10.605884315906561,0.05224074144704222
NH,2017,3.674354838709677,15.054263952892986,5.330883256528418,71305.0,1052.0,1314875.0,92.4,1.933333333333333,92.4,92.4,97.1,92.4,92.4,0,0,0,0,0,0,0,0,0,0,0,0,0,0,9.723380696364568,0.054229448252154575
NH,2018,4.164734383000512,11.938288440949732,2.559919945645752,74057.0,1077.0,1326243.0,91.8,2.2,91.8,91.8,96.7,91.8,91.8,0,0,0,0,0,0,0,0,0,0,0,0,0,0,9.37836849530398,0.055839649415944576
NH,2019,3.684354838709678,15.054263952892986,4.925904090965271,76768.0,1111.0,1331286.0,91.5,2.066666666666667,91.5,91.5,96.9,91.5,91.5,0,0,0,0,0,0,0,0,0,1,1,0,0,0,10.128359861927716,0.05766450059228401
NH,2020,3.072540168087999,15.054263952892986,4.925904090965271,77923.0,1145.0,1338372.0,90.8,1.8666666666666665,90.8,90.8,97.2,90.8,90.8,0,0,0,0,0,0,0,0,0,1,1,0,0,0,10.128359861927716,0.05822218469739004
NH,2021,3.82573732718894,15.054263952892986,4.925904090965271,83449.0,1212.0,1356149.0,88.7,2.2666666666666666,88.7,88.7,96.6,88.7,88.7,0,0,0,0,0,0,0,0,0,1,1,0,0,0,10.128359861927716,0.06153375364082144
NH,2022,2.903199712473906,15.054263952892986,4.925904090965271,90845.0,1336.0,1363236.0,89.4,2.2333333333333334,89.4,89.4,96.6,89.4,89.4,3,0,0,0,0,0,0,0,0,1,1,0,0,0,10.128359861927716,0.06663918306207944
NJ,2016,2.840288768826032,18.83930849091584,8.508248671363242,73702.0,1213.0,8807899.0,96.5,1.2666666666666666,96.5,96.5,97.45,96.5,96.5,0,0,0,1,0,0,0,0,0,0,0,0,0,0,10.331059819552598,0.008367715346450345
NJ,2017,2.8341615463389656,18.26821492575525,8.586758832565282,76475.0,1249.0,8854377.0,96.1,1.4666666666666668,96.1,96.1,97.8,96.1,96.1,0,0,0,0,0,0,0,0,0,0,0,0,0,0,9.681456093189967,0.008636970321348377
NJ,2018,4.439474570510444,17.880449220474247,8.620482149478255,79363.0,1295.0,8776839.0,95.0,1.6666666666666667,95.0,95.0,97.5,95.0,95.0,0,0,0,0,0,0,0,0,0,0,0,0,0,0,9.259967070995993,0.009042320470693324
NJ,2019,3.5806098707558665,18.04769777265745,8.292626088069637,82545.0,1334.0,8773993.0,95.9,1.7333333333333334,95.9,95.9,97.4,95.9,95.9,0,0,0,0,0,0,0,0,0,0,0,0,0,0,9.755071684587813,0.009407916166799294
NJ,2020,3.163939253491534,18.164926461500432,8.552808676307007,85245.0,1368.0,8780160.0,94.3,1.4666666666666668,94.3,94.3,97.8,94.3,94.3,0,0,0,0,0,0,0,0,0,0,0,0,0,0,9.612117785193425,0.009708819690208413
NJ,2021,3.851248874410721,17.9118902616664,8.288458472376716,89703.0,1436.0,9129337.0,94.1,1.7333333333333334,94.1,94.1,97.4,94.1,94.1,0,0,0,0,0,0,0,0,0,0,0,0,0,0,9.623431789289684,0.009825794597592948
NJ,2022,3.2507866103430616,18.14930265852804,7.731609433530061,97126.0,1577.0,9153756.0,94.3,2.1,94.3,94.3,96.8,94.3,94.3,228,0,0,0,0,0,0,0,0,0,0,0,0,0,10.41769322499798,0.010610506702329983
NM,2016,0.8934073488926103,26.37206701823081,9.307970795966485,45674.0,792.0,2048093.0,94.8,1.5333333333333332,95.4,95.5,98.5,95.1,94.6,0,0,0,1,0,0,0,0,0,0,0,0,0,0,17.064096222264325,0.022300734243643115
NM,2017,1.714461359023001,26.83271996555511,9.181142994351328,46718.0,809.0,2050101.0,94.9,1.1333333333333333,96.0,94.8,98.3,94.8,94.5,0,0,0,0,0,0,0,0,0,0,0,0,0,0,17.65157697120378,0.022788134444042298
NM,2018,1.2385429534451595,26.60346242052212,9.211519095749532,48059.0,828.0,2057526.0,96.0,1.0,96.8,96.1,98.5,96.1,95.7,0,0,0,0,0,0,0,0,0,0,0,0,0,0,17.39194332477259,0.02335765217175765
NM,2019,0.915488602234292,26.16742880640007,9.469936219644554,49754.0,844.0,2057086.0,96.7,1.0,97.7,97.0,98.5,96.9,96.7,0,0,0,0,0,0,0,0,0,0,0,0,0,0,16.697492586755516,0.024186628956383467
NM,2020,0.5145644984912873,27.802339593461586,9.90290888306866,51243.0,857.0,2060539.0,95.7,0.6,96.9,95.7,99.1,95.7,95.3,0,0,0,0,0,0,0,0,0,0,0,0,0,0,17.899430710392927,0.02486872373261378
NM,2021,0.7643237174702692,26.19035335902608,5.549777257525084,54020.0,897.0,2073219.0,94.0,0.9333333333333332,93.7,94.3,98.6,94.3,93.6,0,0,0,0,0,0,0,0,0,0,0,0,0,0,20.640576101500997,0.02605608666711685
NM,2022,1.715602219675749,26.50642842642107,0.8202638631210059,58722.0,966.0,2076263.0,94.7,1.0,96.5,94.9,98.5,95.0,94.4,50,0,0,0,0,0,0,0,0,0,0,0,0,0,25.686164563300064,0.028282530545248583
NV,2016,0.2850109248371206,30.773049547508204,17.109313880992598,53094.0,984.0,2804116.0,90.0,2.9333333333333336,95.7,90.9,96.5,90.4,90.5,0,0,0,1,0,0,0,0,0,0,0,0,0,0,13.663735666515606,0.01893430266996705
NV,2017,0.2938703277009728,31.5099468766001,17.11008644967071,55434.0,1017.0,2852693.0,92.6,2.1333333333333333,96.4,93.0,96.8,93.8,92.6,0,0,0,0,0,0,0,0,0,0,0,0,0,0,14.39986042692939,0.019432157812930513
NV,2018,0.225426399703374,31.265418292517847,16.936293743489237,57598.0,1060.0,2887475.0,95.0,2.2333333333333334,97.4,95.1,96.7,95.4,94.7,0,0,0,0,0,0,0,0,0,0,0,0,0,0,14.32912454902861,0.01994752510497057
NV,2019,0.7351738434631464,29.71126090031448,15.914036841346352,60365.0,1107.0,2936475.0,94.0,2.6666666666666665,95.9,95.4,96.3,95.0,94.6,0,0,0,0,0,0,0,0,0,0,0,0,0,0,13.797224058968126,0.020556953300486704
NV,2020,0.3731768219832735,31.51759214873277,16.0299778397182,62043.0,1159.0,2993632.0,95.4,2.9333333333333336,97.4,96.1,96.9,96.1,95.8,0,0,0,0,0,0,0,0,0,0,0,0,0,0,15.487614309014571,0.020724985327192746
NV,2021,0.1743995704613984,31.377003811874967,16.77424801430734,65686.0,1238.0,3022441.0,91.5,3.2000000000000006,93.9,92.7,95.7,92.2,92.1,0,0,0,0,0,0,0,0,0,0,0,0,0,0,14.602755797567628,0.021732757816361737
NV,2022,0.1446844916848624,30.939285063209564,16.905175437434895,71646.0,1382.0,3067029.0,92.2,3.733333333333333,94.2,92.8,94.9,92.8,92.6,95,0,0,0,0,0,0,0,0,0,0,0,0,0,14.034109625774668,0.023360058427860177
NY,2017,2.7399644015312217,20.19900299904908,13.135045107648796,62765.0,1194.0,19556260.0,96.9,0.7666666666666667,98.0,97.2,98.9,97.0,96.9,0,0,0,0,0,0,0,0,0,0,0,0,0,0,7.063957891400282,0.0032094580860830197
NY,2018,3.8255167264038232,15.667009301928656,8.458490712294475,65323.0,1240.0,19378618.0,96.7,0.8333333333333334,97.9,97.2,97.7,96.8,96.7,0,0,0,0,0,0,0,0,0,0,0,0,0,0,7.208518589634181,0.0033708800405230113
NY,2019,4.32812037380354,15.510682283666156,7.766323604710702,68486.0,1280.0,19333899.0,97.8,0.1,98.6,98.6,99.9,97.2,98.1,0,0,0,0,0,0,0,0,0,0,0,0,0,0,7.744358678955455,0.003542275485028887
NY,2020,3.183665911859739,16.772623285131626,8.86395624768261,71117.0,1315.0,19276809.0,97.8,0.1,98.9,98.3,99.9,97.9,98.1,0,0,0,0,0,0,0,0,0,0,0,0,0,0,7.908667037449016,0.0036892514892246176
NY,2021,3.2649110835401154,16.591925243215567,9.134758064516127,75157.0,1390.0,19878007.0,97.3,0.1,98.7,98.0,99.9,97.4,97.4,0,0,0,0,0,0,0,0,0,0,0,0,0,0,7.457167178699439,0.003780912051147177
NY,2022,3.056085296125619,16.600963261648747,8.778285970302099,81386.0,1507.0,19789790.0,97.2,0.1,98.6,97.9,99.9,97.5,97.5,0,0,0,0,0,0,0,0,0,0,0,0,0,0,7.822677291346649,0.004112524482951841
OH,2016,3.134507786429366,19.0933790631566,7.143063589173156,50674.0,743.0,11413979.0,92.4,1.6,95.2,92.6,97.6,92.7,91.9,0,0,0,1,0,0,0,0,0,0,0,0,0,0,11.950315473983444,0.004439643314601918
OH,2017,3.1985816692268307,19.269039938556062,7.262854582693293,52407.0,764.0,11436638.0,92.1,1.7,95.2,92.1,97.9,92.3,91.5,0,0,0,0,0,0,0,0,0,0,0,0,0,0,12.006185355862769,0.004582377742272008
OH,2018,4.03761968766001,18.414264592933947,7.630337301587301,54533.0,788.0,11468700.0,91.9,1.9,94.6,91.6,97.6,92.0,91.2,0,0,0,0,0,0,0,0,0,0,0,0,0,0,10.783927291346647,0.004754941296315947
OH,2019,3.708667434715821,19.107257424475165,7.0946562980030725,56602.0,808.0,11482519.0,92.3,1.8666666666666665,94.9,92.4,97.6,92.7,91.9,0,0,0,0,0,0,0,0,0,0,0,0,0,0,12.012601126472092,0.00492940574020337
OH,2020,3.4618514398714617,19.047510196514647,7.161971944135459,58116.0,825.0,11501751.0,89.0,1.7,94.1,89.6,98.1,89.4,88.7,0,0,0,0,0,0,0,0,0,0,0,0,0,0,11.885538252379188,0.005052795434991121
OH,2021,2.7928507424475164,19.07509536610343,6.963283410138248,61938.0,870.0,11601893.0,88.5,2.0,92.7,88.3,97.3,88.9,87.9,0,0,0,0,0,0,0,0,0,0,0,0,0,0,12.11181195596518,0.005338611092292345
OH,2022,2.8853317398520404,18.79507040450589,6.261190476190477,66990.0,945.0,11607026.0,89.4,2.533333333333333,93.0,89.3,96.2,89.7,88.8,170,0,0,0,0,0,0,0,0,0,0,0,0,0,12.533879928315411,0.005771503762332939
OK,2016,3.722684155234211,24.99892504016809,10.794141020887407,48038.0,742.0,3794815.0,91.9,1.2666666666666666,95.15,91.55,97.55,92.45,95.95,0,1,1,1,1,1,1,0,0,0,0,0,0,0,14.204784019280682,0.012658848281445003
OK,2017,3.8582098054275473,24.84499615975422,10.691644265232974,49767.0,766.0,3816369.0,93.9,1.4,94.1,92.6,98.2,93.7,96.8,0,0,0,0,0,0,0,0,0,0,0,0,0,0,14.153351894521247,0.013040402267075781
OK,2018,4.837940988223246,23.81976382488479,10.228382616487457,51424.0,793.0,3837568.0,92.7,1.7333333333333334,95.7,92.2,97.6,93.0,95.8,0,0,0,0,0,0,0,0,0,0,0,0,0,0,13.591381208397335,0.013400149938672112
OK,2019,4.626478494623656,23.62294930875576,10.758781362007168,52919.0,810.0,3851223.0,93.9,1.7666666666666666,95.1,93.0,97.5,94.1,96.9,0,0,0,0,0,0,0,0,0,0,0,0,0,0,12.864167946748593,0.013740826293147322
OK,2020,4.895566061055494,23.573517488567543,10.941712774138615,53840.0,818.0,3867023.0,90.3,1.633333333333333,95.8,90.5,97.9,91.3,96.1,0,0,0,0,0,0,0,0,0,0,0,0,0,0,12.631804714428927,0.013922851267538035
OK,2021,4.178350614439323,23.75465629800307,10.24601062467998,56956.0,862.0,3869212.0,91.1,2.333333333333333,95.2,90.9,96.8,91.9,95.5,0,0,0,0,0,0,0,0,0,0,0,0,0,0,13.50864567332309,0.01472030617078977
OK,2022,3.457898745519713,24.92852406554019,9.641164874551972,61364.0,934.0,3882774.0,90.0,3.1333333333333333,94.1,89.6,95.6,91.0,94.6,10,0,0,0,0,0,0,0,0,0,0,0,0,0,15.28735919098822,0.015804160684046848
OR,2016,5.52016100585993,15.03615254419018,7.801002741782312,53270.0,941.0,3943363.0,93.2,4.433333333333334,93.7,93.8,94.1,93.5,95.0,0,0,0,1,0,0,0,0,0,0,0,0,0,0,7.235149802407869,0.013508770684116404
OR,2017,6.010083845366103,14.010520927132442,6.957440167205185,56119.0,988.0,3985781.0,92.4,5.066666666666666,93.3,93.2,93.7,92.7,94.4,0,0,0,0,0,0,0,0,0,0,0,0,0,0,7.053080759927257,0.014079796637146738
OR,2018,3.9529838709677416,14.155955902026536,7.350730020196093,59393.0,1050.0,4042073.0,92.4,5.1000000000000005,93.1,93.0,93.9,92.7,94.3,0,0,0,0,0,0,0,0,0,0,0,0,0,0,6.8052258818304425,0.014693694375709105
OR,2019,3.721690348182284,14.518225806451612,7.2032712052192025,62818.0,1110.0,4089521.0,92.6,4.733333333333333,93.3,93.4,94.3,92.8,94.6,0,0,0,0,0,0,0,0,0,0,0,0,0,0,7.31495460123241,0.015360719419042127
OR,2020,4.682033741193919,14.719906411788132,7.37586917562724,65667.0,1173.0,4135531.0,91.6,3.6,94.0,92.7,96.7,92.0,95.1,0,0,0,0,0,0,0,0,0,0,0,0,0,0,7.344037236160893,0.01587873095891895
OR,2021,4.830702764976959,13.92229139078694,6.854228243021346,70084.0,1250.0,4167351.0,92.0,4.666666666666667,93.8,93.0,94.3,92.3,94.7,0,0,0,0,0,0,0,0,0,0,0,0,0,0,7.068063147765594,0.01681739387505543
OR,2022,4.338495903737839,14.07186571940604,7.046583461341526,76632.0,1373.0,4187842.0,90.9,5.466666666666666,92.9,91.9,93.1,91.5,94.1,25,0,0,0,0,0,0,0,0,0,0,0,0,0,7.025282258064514,0.018298680251384782
PA,2016,2.455766592510197,19.44862408849339,9.85375726115437,54895.0,859.0,12579598.0,96.25,1.5333333333333332,96.7,93.6,97.05,97.2,94.6,0,1,0,1,0,0,0,0,0,0,0,0,0,0,9.59486682733902,0.004363811596856147
PA,2017,2.857945468509985,19.03041730670763,9.833595750128008,56951.0,885.0,12586845.0,97.0,1.9,97.4,96.7,97.2,96.5,97.0,0,0,0,0,0,0,0,0,0,0,0,0,0,0,9.196821556579621,0.004524644219846656
PA,2018,4.306405529953917,18.153658474142343,9.163236687147975,59445.0,915.0,12587979.0,96.6,1.9666666666666668,97.1,96.4,97.1,96.2,95.8,0,0,0,0,0,0,0,0,0,0,0,0,0,0,8.990421786994368,0.004722362126409479
PA,2019,3.296649385560676,18.668453020993343,9.398008832565283,61744.0,938.0,12587348.0,96.8,2.0,97.2,96.6,97.0,96.5,96.3,0,0,0,0,0,0,0,0,0,0,0,0,0,0,9.27044418842806,0.004905242557428097
PA,2020,3.446863490297862,19.1427369917192,9.802179582251885,63627.0,958.0,12590644.0,95.9,1.8333333333333333,96.8,95.5,97.3,95.4,95.3,0,0,0,0,0,0,0,0,0,0,0,0,0,0,9.340557409467316,0.005053513938324844
PA,2021,3.053058115719406,19.15593766001024,9.909293394777269,67587.0,1013.0,12771301.0,95.4,2.2,96.3,95.0,96.7,95.1,94.8,0,0,0,0,0,0,0,0,0,0,0,0,0,0,9.24664426523297,0.005292099427294101
PA,2022,2.957512800819252,19.427344470046084,9.59509792626728,73170.0,1110.0,12801884.0,94.3,2.5666666666666664,95.3,94.0,96.2,94.1,93.7,113,0,0,0,0,0,0,0,0,0,0,0,0,0,9.832246543778803,0.0057155645438152275
RI,2016,2.783021876158695,17.21694104560623,6.802881596835991,58387.0,938.0,1038432.0,95.6,0.7999999999999999,97.6,95.1,99.0,95.8,94.8,0,0,0,1,0,0,0,0,0,0,0,0,0,0,10.414059448770239,0.0562260636940467
RI,2017,3.405466589861751,16.45978366615463,6.7031272401433695,61043.0,957.0,1040523.0,96.2,0.7333333333333334,97.6,96.4,99.1,96.3,96.0,0,0,0,0,0,0,0,0,0,0,0,0,0,0,9.756656426011261,0.058665633853712165
RI,2018,4.438611111111111,16.35319060419867,6.845284818228367,63296.0,981.0,1040879.0,97.4,0.8333333333333334,98.3,97.4,99.0,97.6,97.0,0,0,0,0,0,0,0,0,0,0,0,0,0,0,9.507905785970301,0.06081008377526708
RI,2019,3.6142357910906298,15.883581029185867,6.102516641065027,67167.0,1004.0,1041575.0,97.4,0.8333333333333334,98.5,97.7,98.9,97.5,97.0,0,0,0,0,0,0,0,0,0,0,0,0,0,0,9.78106438812084,0.06448593285559576
RI,2020,3.1049397478680016,17.301851748856752,7.159674638487208,70305.0,1031.0,1041644.0,96.8,0.6666666666666666,98.3,97.0,99.2,96.9,96.7,0,0,0,0,0,0,0,0,0,0,0,0,0,0,10.142177110369545,0.06749420387944069
RI,2021,3.2452336149513568,17.06801459293395,7.462498079877112,74489.0,1097.0,1075869.0,97.0,0.8000000000000002,98.0,97.3,99.0,97.1,97.0,0,0,0,0,0,0,0,0,0,0,0,0,0,0,9.605516513056838,0.06923606011878758
RI,2022,3.21404057859703,17.183550947260624,6.716768433179723,81370.0,1195.0,1077551.0,96.9,1.0,97.8,96.9,98.6,96.9,96.3,2,0,0,0,0,0,0,0,0,0,0,0,0,0,10.4667825140809,0.07551375710870566
SC,2016,3.150453575266793,23.76505871935892,15.070529341817371,46898.0,811.0,4736274.0,96.2,1.3333333333333333,96.4,96.0,97.4,96.5,95.7,0,0,0,1,0,0,0,0,0,0,0,0,0,0,8.694529377541548,0.009901874363291827
SD,2016,1.5737779631689532,13.500622296378692,1.83369422815474,52078.0,676.0,833674.0,96.4,1.3333333333333333,94.5,96.7,96.95,96.5,95.4,0,0,0,1,0,0,0,0,0,0,0,0,0,0,11.666928068223953,0.062467988124868805
SD,2017,1.3074006259159203,12.522106374807988,0.4858717357910911,54126.0,696.0,838027.0,95.9,1.4666666666666668,95.0,96.6,97.8,96.5,95.8,0,0,0,0,0,0,0,0,0,0,0,0,0,0,12.036234639016897,0.06458734075711074
SD,2018,1.6569351675803288,10.62145481310804,-0.6542741935483872,56499.0,722.0,846821.0,95.8,1.7333333333333334,94.5,96.2,97.4,95.9,95.5,0,0,0,0,0,0,0,0,0,0,0,0,0,0,11.275729006656427,0.06671886181511581
SD,2019,2.223233837883499,9.006415770609317,-1.1489349718381978,58275.0,747.0,853256.0,95.9,1.8,95.4,96.0,97.3,96.0,95.2,0,0,0,0,0,0,0,0,0,0,0,0,0,0,10.155350742447515,0.06829712501626121
SD,2020,1.3258635858024066,11.165518589678769,-0.531681329423265,59896.0,761.0,861933.0,93.7,2.2333333333333334,95.5,94.6,96.6,94.5,94.0,0,0,0,0,0,0,0,0,0,0,0,0,0,0,11.697199919102033,0.06949023939187919
SD,2021,2.027323200992556,13.181217357910908,0.9108301331285203,63920.0,809.0,865054.0,93.2,2.333333333333333,94.7,93.7,96.5,93.6,91.9,0,0,0,0,0,0,0,0,0,0,0,0,0,0,12.270387224782388,0.07389125546930542
SD,2022,1.607509173920464,11.282976082130698,-0.6793571019266232,69457.0,878.0,871052.0,92.2,2.733333333333333,94.5,92.5,95.9,92.3,92.0,1,0,0,0,0,0,0,0,0,0,0,0,0,0,11.962333184057321,0.07973912035203369
TN,2016,4.256054875787912,24.048598442714127,13.460910579656408,46574.0,782.0,6445597.0,96.8,0.8333333333333334,97.3,96.9,98.05,96.8,96.7,0,0,0,1,0,0,0,0,0,0,0,0,0,0,10.587687863057718,0.007225706598518865
TN,2017,3.551545698924731,23.50914874551971,12.993263568868407,48708.0,808.0,6494451.0,96.7,1.0,97.1,96.9,98.5,96.7,96.8,0,0,0,0,0,0,0,0,0,0,0,0,0,0,10.515885176651302,0.007499939948743943
TN,2018,4.523950972862264,22.31217741935484,12.301580901177674,50972.0,841.0,6547663.0,96.2,1.3,96.8,96.5,98.1,96.2,96.2,0,0,0,0,0,0,0,0,0,0,0,0,0,0,10.010596518177165,0.0077847610995310694
TN,2019,5.144308755760369,22.615529313876085,12.414906554019458,53320.0,869.0,6602261.0,96.4,1.3333333333333333,97.0,96.8,98.0,96.5,96.5,0,0,0,0,0,0,0,0,0,0,0,0,0,0,10.200622759856627,0.008076020006476569
TN,2020,3.8611926832282784,22.53168087999011,12.464151217402051,54833.0,897.0,6664134.0,96.4,1.2666666666666666,97.1,96.6,98.1,96.5,96.4,0,0,0,0,0,0,0,0,0,0,0,0,0,0,10.067529662588058,0.008228074611333654
TN,2021,3.719315796210957,22.696555939580133,12.513262288786484,58516.0,951.0,6756567.0,95.2,1.6,96.3,95.8,97.6,95.4,95.4,0,0,0,0,0,0,0,0,0,0,0,0,0,0,10.18329365079365,0.008660609942799363
TN,2022,3.9022247823860727,23.455224654377883,12.073876088069635,64035.0,1047.0,6822829.0,94.8,2.1333333333333333,95.8,95.4,96.8,95.0,95.1,40,0,0,0,0,0,0,0,0,0,0,0,0,0,11.381348566308247,0.009385401658842446
TX,2016,1.7965388910619724,28.252020489230176,21.74225001341533,54727.0,911.0,26478868.0,97.2,1.2,97.9,97.3,97.4,97.3,96.6,0,0,0,1,0,0,0,0,0,0,0,0,0,0,6.509770475814847,0.002066817884102225
TX,2017,1.1847074314219908,28.783134050701303,22.3461324260081,57051.0,952.0,26943687.0,96.8,1.3333333333333333,97.4,96.9,98.3,96.9,96.4,0,0,0,0,0,0,0,0,0,0,0,0,0,0,6.4370016246932025,0.0021174161458520453
TX,2021,2.7871877273829737,28.51757726996574,22.044191219711717,67321.0,1146.0,28410863.0,93.7,1.933333333333333,95.9,94.0,97.4,94.0,93.5,0,0,0,0,0,0,0,0,0,1,1,0,0,0,6.473386050254025,0.00236955130966802
TX,2022,1.9549859190988224,28.51757726996574,22.044191219711717,73035.0,1251.0,28764407.0,93.8,2.333333333333333,95.8,94.2,96.8,94.1,93.7,243,0,0,0,0,0,0,0,0,1,1,0,0,0,6.473386050254025,0.002539075373983014
UT,2016,0.6917349930855933,26.07550434893027,9.22040234211043,62518.0,912.0,2922538.0,93.7,3.4,94.8,93.8,94.9,93.9,94.6,0,0,0,1,0,0,0,0,0,0,0,0,0,0,16.85510200681984,0.021391673472963064
UT,2017,0.5454042870709538,26.22778412783421,9.440438432774323,65325.0,948.0,2967868.0,93.2,3.5666666666666664,94.3,93.4,95.0,93.5,93.7,0,0,0,0,0,0,0,0,0,0,0,0,0,0,16.787345695059884,0.022010742387888416
UT,2018,0.5113679653679654,27.193011483886483,8.699890873015873,68374.0,988.0,3019579.0,92.4,3.8,93.8,92.8,94.8,92.6,92.5,0,0,0,0,0,0,0,0,0,0,0,0,0,0,18.493120610870612,0.022643546453480285
VA,2016,3.5872759856630823,19.49777406995427,10.078437152391546,66149.0,1135.0,8096958.0,98.2,0.7999999999999999,93.9,94.1,98.3,93.6,92.7,0,0,0,1,0,0,0,0,0,0,0,0,0,0,9.419336917562726,0.008169610343834025
VA,2017,3.3110682283666155,19.671272401433693,10.21926011264721,68766.0,1166.0,8153221.0,98.2,1.0,94.9,95.5,98.5,93.5,93.3,0,0,0,0,0,0,0,0,0,0,0,0,0,0,9.452012288786484,0.008434211652767459
VA,2018,4.70165770609319,19.205755888376856,10.40442396313364,71564.0,1202.0,8197642.0,98.0,1.1333333333333333,93.1,95.0,98.3,93.5,93.6,0,0,0,0,0,0,0,0,0,0,0,0,0,0,8.801331925243217,0.008729826365944455
VA,2019,2.286476503385105,17.215916965352452,6.929998008761449,74222.0,1234.0,8234323.0,97.6,1.1333333333333333,94.1,94.6,98.3,92.7,93.3,0,0,0,0,0,0,0,0,0,0,0,0,0,0,10.285918956591004,0.009013733246347848
VA,2020,3.184587813620072,13.613333333333332,4.224247311827956,76398.0,1257.0,8282997.0,97.7,0.9666666666666668,94.4,95.8,98.5,94.1,94.1,0,0,0,0,0,0,0,0,0,0,0,0,0,0,9.389086021505374,0.009223471984419168
VA,2021,3.656495513763856,21.09653594381765,10.662274330384731,80615.0,1326.0,8357984.0,98.3,1.2,94.9,95.5,98.2,94.7,94.9,0,0,0,0,0,0,0,0,0,0,0,0,0,0,10.434261613432918,0.009645267370065871
VA,2022,3.375268133399853,20.918434128749755,10.212372874622597,87249.0,1440.0,8398580.0,97.8,1.4666666666666668,94.5,95.8,97.8,94.2,95.6,90,0,0,0,0,0,0,0,0,0,0,0,0,0,10.706061254127158,0.010388540635614516
VT,2016,1.8571230379433936,14.20433228278334,4.066820850327524,56104.0,913.0,620216.0,93.5,2.6,94.4,93.6,96.95,93.5,92.5,0,0,0,1,0,0,0,0,0,0,0,0,0,0,10.137511432455817,0.09045866204892804
VT,2017,2.699507808499744,13.469484767025088,3.988299411162315,57808.0,945.0,618703.0,94.0,2.533333333333333,95.3,94.1,97.0,94.1,93.2,0,0,0,0,0,0,0,0,0,0,0,0,0,0,9.481185355862774,0.0934340169127725
VT,2018,2.4440149769585253,13.065919098822324,3.581951484895034,60076.0,972.0,618896.0,92.9,3.1333333333333333,94.6,93.0,96.1,92.5,92.3,0,0,0,0,0,0,0,0,0,0,0,0,0,0,9.48396761392729,0.09706946390110148
VT,2019,2.5604345878136203,12.453585509472603,2.6450198412698414,61973.0,985.0,618266.0,94.1,2.4333333333333336,95.8,94.5,96.9,94.1,93.9,0,0,0,0,0,0,0,0,0,0,0,0,0,0,9.808565668202762,0.10023662915859977
VT,2020,1.7694519836855764,7.498694846125323,-2.5141861327400816,63477.0,999.0,618184.0,93.6,2.1333333333333333,96.3,94.0,98.1,93.7,93.3,0,0,0,0,0,0,0,0,0,0,0,0,0,0,10.012880978865404,0.1026828538382523
VT,2021,2.793068965517241,16.686568965517242,6.965337513061651,67674.0,1070.0,635583.0,92.9,2.2,95.1,93.4,97.3,93.1,92.6,0,0,0,0,0,0,0,0,0,0,0,0,0,0,9.72123145245559,0.10647530460175209
VT,2022,1.2938358249092397,15.203197058781042,5.287889766888655,74014.0,1149.0,637608.0,92.8,2.3666666666666667,95.3,93.1,96.9,92.8,92.6,2,0,0,0,0,0,0,0,0,0,0,0,0,0,9.915307291892386,0.11608054465981503
WA,2016,7.344420961562229,15.395856198244964,7.848455382523792,62848.0,1056.0,6967768.0,90.8,3.233333333333333,90.2,90.5,96.95,90.6,89.3,0,0,0,1,0,0,0,0,0,0,0,0,0,0,7.547400815721172,0.009019816816544865
WA,2017,6.711678187403994,14.424703020993343,6.486841397849463,66174.0,1120.0,7063032.0,90.7,3.1,92.5,90.6,95.3,89.9,89.4,0,0,0,0,0,0,0,0,0,0,0,0,0,0,7.93786162314388,0.009369062837452409
WA,2018,5.5647177419354845,14.72093766001024,6.988543906810036,70116.0,1194.0,7187395.0,90.8,3.4333333333333336,92.5,90.8,95.0,90.2,89.7,0,0,0,0,0,0,0,0,0,0,0,0,0,0,7.732393753200204,0.009755410721769052
WA,2019,3.586358166922683,14.7601318484383,6.742638248847926,73775.0,1258.0,7293096.0,92.8,3.433333333333333,94.2,94.4,97.1,92.8,92.7,0,0,0,0,0,0,0,0,0,0,0,0,0,0,8.017493599590374,0.010115729984120601
WA,2020,6.459707699913484,14.93259424051415,7.111480966505995,77006.0,1337.0,7397932.0,93.2,1.9666666666666668,94.9,94.4,98.2,93.4,93.2,0,0,0,0,0,0,0,0,0,0,0,0,0,0,7.821113274008156,0.01040912373767105
WA,2021,6.625165770609319,14.283532386072707,6.352941043399191,82400.0,1439.0,7502835.0,91.4,2.2333333333333334,93.8,92.5,97.2,91.9,91.3,0,0,0,0,0,0,0,0,0,0,0,0,0,0,7.930591342673516,0.010982513812110514
WA,2022,7.12330325140809,11.857610727086533,4.34288406038406,90325.0,1592.0,7571532.0,90.1,2.533333333333333,92.9,91.4,96.8,90.2,90.1,88,0,0,0,0,0,0,0,0,0,0,0,0,0,7.514726666702472,0.011929552443342716
WI,2016,2.364007539241132,12.249537449017426,4.820631565937461,54610.0,789.0,5681891.0,96.6,3.6666666666666665,95.5,94.0,94.95,93.8,92.8,0,0,0,1,0,0,0,0,0,0,0,0,0,0,7.428905883079965,0.00961123513083318
WI,2017,2.465103686635945,11.296812596006143,3.823826804915514,56759.0,813.0,5691138.0,96.5,3.6,96.1,91.8,95.3,92.4,91.2,0,0,0,0,0,0,0,0,0,0,0,0,0,0,7.472985791090629,0.00997322328623497
WI,2018,2.312564644137225,11.059427803379416,3.52681643625192,59209.0,837.0,5706206.0,96.2,3.9,95.6,92.6,95.3,92.3,91.6,0,0,0,0,0,0,0,0,0,0,0,0,0,0,7.532611367127496,0.010376244675315845
WI,2019,2.7614330517153096,10.343490143369175,2.9052406554019456,61747.0,856.0,5718951.0,94.5,3.8,95.7,92.8,94.3,93.7,91.6,0,0,0,0,0,0,0,0,0,0,0,0,0,0,7.43824948796723,0.010796908244727356
WI,2020,2.6887075145223087,11.854959522926707,4.476231306389816,63293.0,872.0,5735703.0,87.2,3.4333333333333336,87.2,87.2,94.8,87.2,87.2,0,0,0,0,0,0,0,0,0,0,0,0,0,0,7.378728216536891,0.011034913935586635
WI,2021,2.222983870967742,12.396009344598054,4.887179979518689,67080.0,916.0,5802929.0,82.6,4.2,82.6,82.6,95.1,82.6,82.6,0,0,0,0,0,0,0,0,0,0,0,0,0,0,7.508829365079365,0.011559677611137822
WI,2022,2.053491423451101,11.236310803891447,3.329054659498208,72458.0,992.0,5815677.0,87.0,4.8,92.5,86.5,94.2,88.2,85.9,29,0,0,0,0,0,0,0,0,0,0,0,0,0,7.907256144393239,0.01245908043739698
WV,2016,2.518010458416465,19.07875595409753,6.548242599557024,42644.0,658.0,1817156.0,95.7,0.3,98.3,95.9,99.9,96.2,92.6,0,0,0,1,0,0,0,0,0,0,0,0,0,0,12.530513354540506,0.023467427415462726
WV,2017,2.740653908516812,19.032635419336888,6.871212712797566,44061.0,681.0,1807983.0,98.0,0.2,99.2,98.4,99.8,98.2,98.1,0,0,0,0,0,0,0,0,0,0,0,0,0,0,12.161422706539323,0.024370237789714953
WV,2018,4.772517021165982,17.72276637474913,6.56337236847526,44921.0,711.0,1800270.0,98.7,0.8,99.0,98.8,99.2,98.8,98.5,0,0,0,0,0,0,0,0,0,0,0,0,0,0,11.159394006273871,0.024952354395532672
WV,2019,2.9708870967741934,18.91224780197898,6.356190615403629,46711.0,725.0,1788475.0,98.8,0.1,99.7,98.2,99.9,99.0,97.8,0,0,0,0,0,0,0,0,0,0,0,0,0,0,12.556057186575352,0.02611776730579555
WV,2020,2.739747868001483,19.28268238960397,6.726776665430726,48037.0,732.0,1778080.0,97.25,0.15,98.65,97.35,99.9,97.4,97.9,0,1,1,1,1,1,1,1,0,0,0,0,0,0,12.555905724173243,0.02701620454861168
WV,2021,2.66243429648463,19.16021538481911,6.716008704557091,50884.0,770.0,1773559.0,96.5,0.1,97.3,96.5,99.9,96.6,98.0,0,0,0,0,0,0,0,0,0,0,0,0,0,0,12.44420668026202,0.028690317778930514
WV,2022,2.480884766368637,18.496594982078854,5.598281490015361,55217.0,831.0,1759522.0,95.6,0.0,95.6,95.6,99.9,95.6,95.6,16,0,0,0,0,0,0,0,0,0,0,0,0,0,12.898313492063494,0.03138180063574048
WY,2021,0.7089964157706093,20.369684217031267,4.805035224323322,68002.0,878.0,567043.0,92.5,2.6,94.6,92.9,96.3,93.8,93.6,0,0,0,0,0,0,0,0,0,0,0,0,0,0,15.564648992707944,0.11992367435331297
WY,2022,0.9307676162361924,17.142873617026172,2.78525942013667,72495.0,933.0,567826.0,89.4,3.2,94.1,90.8,95.4,90.1,90.5,2,0,0,0,0,0,0,0,0,0,0,0,0,0,14.357614196889502,0.12767092794108065
